Name,Age,Gender
Zachary Taylor,28.0,Female
Gary Palmer,23.583333333333332,Male
Jeffrey Daniels,23.583333333333332,Male
Mark Calderon,18.0,Female
Timothy Ryan,23.583333333333332,Male
Garrett Gibson,23.583333333333332,Female
Virginia Sandoval,23.583333333333332,Male
David Jenkins,23.583333333333332,Female
Zachary Castaneda,23.583333333333332,Male
Megan Richards,22.0,Female
Sabrina Austin,23.583333333333332,Male
Richard Jones,26.0,Female
Lisa Miller,23.583333333333332,Female
Stephen Pena Md,23.583333333333332,Male
Casey Gillespie,30.0,Female
Eric Sullivan,19.0,Female
Nicole Good,23.583333333333332,Female
Andrew Gonzales,23.583333333333332,Female
Denise Glass,23.583333333333332,Female
Valerie Taylor,23.583333333333332,Male
Erin Hogan,25.0,Female
Jodi Jones,23.583333333333332,Female
Donald Padilla,23.583333333333332,Female
Shannon Mcdowell,23.583333333333332,Male
Alyssa Roman,27.0,Female
